flight_id,airline_code,airline_name,alliance,flight_numbers,origin,origin_city,destination,destination_city,departure_utc,arrival_utc,duration_minutes,stops,layover_airports,layover_minutes,cabin_class,price,currency,seats_available,aircraft_type,on_time_performance,baggage_included,refundable,demand_level,season,is_holiday_season,duration_hours,is_direct,price_per_hour,departure_hour_utc,is_redeye,layover_hours,inconvenience_score,price_norm,duration_minutes_norm,inconvenience_score_norm
F000001,NH,ANA,star,NH1954,MAA,Chennai,IST,Istanbul,2026-05-23 16:15:00+00:00,2026-05-24 00:15:00+00:00,480,0,,0,Economy,764.05,USD,3,A330-300,93,True,True,medium,shoulder,False,8.0,True,95.51,16,False,0.0,0.35,0.0407,0.1059,0.0161
F000002,AA,American Airlines,oneworld,AA5208,MAA,Chennai,IST,Istanbul,2026-05-23 14:45:00+00:00,2026-05-23 22:45:00+00:00,480,0,,0,Business,2238.42,USD,8,B777-300ER,84,True,True,medium,shoulder,False,8.0,True,279.8,14,False,0.0,0.8,0.1236,0.1059,0.0643
F000003,QR,Qatar Airways,oneworld,QR7348,MAA,Chennai,IST,Istanbul,2026-05-23 17:15:00+00:00,2026-05-24 01:15:00+00:00,480,0,,0,Economy,675.0,USD,4,A321neo,93,True,False,medium,shoulder,False,8.0,True,84.38,17,False,0.0,0.35,0.0357,0.1059,0.0161
F000004,NH,ANA,star,NH3262;NH5397,MAA,Chennai,IST,Istanbul,2026-05-23 15:45:00+00:00,2026-05-24 06:36:00+00:00,891,1,FRA,105,Economy,499.85,USD,5,B787-9,89,True,False,medium,shoulder,False,14.85,False,33.66,15,False,1.75,3.425,0.0259,0.2101,0.3455
F000005,QR,Qatar Airways,oneworld,QR814;QR4395;QR5285,MAA,Chennai,IST,Istanbul,2026-05-23 17:15:00+00:00,2026-05-25 20:08:00+00:00,3053,2,JFK;HKG,351,Economy,423.83,USD,5,A380-800,81,True,False,medium,shoulder,False,50.88,False,8.33,17,False,5.85,7.875,0.0216,0.758,0.8222
F000006,UA,United Airlines,star,UA8486,BOM,Mumbai,LHR,London,2025-08-28 07:25:00+00:00,2025-08-28 17:05:00+00:00,580,0,,0,Economy,1027.38,USD,3,B777-300ER,81,False,True,high,summer_peak,False,9.67,True,106.24,7,False,0.0,0.95,0.0555,0.1313,0.0803
F000007,KE,Korean Air,skyteam,KE9153,BOM,Mumbai,LHR,London,2025-08-28 06:55:00+00:00,2025-08-28 16:35:00+00:00,580,0,,0,Business,3689.26,USD,6,B737-800,87,True,True,high,summer_peak,False,9.67,True,381.52,6,False,0.0,0.65,0.2051,0.1313,0.0482
F000008,NH,ANA,star,NH1282,BOM,Mumbai,LHR,London,2025-08-28 06:55:00+00:00,2025-08-28 16:35:00+00:00,580,0,,0,Economy,1297.86,USD,4,E190,85,True,True,high,summer_peak,False,9.67,True,134.22,6,False,0.0,0.75,0.0707,0.1313,0.0589
F000009,EK,Emirates,none,EK4262;EK4365,BOM,Mumbai,LHR,London,2025-08-28 07:55:00+00:00,2025-08-29 15:00:00+00:00,1865,1,SFO,126,Premium Economy,1610.74,USD,3,B787-9,83,True,True,high,summer_peak,False,31.08,False,51.83,7,False,2.1,3.9,0.0883,0.4569,0.3964
F000010,KL,KLM,skyteam,KL1776;KL173;KL7878,BOM,Mumbai,LHR,London,2025-08-28 06:55:00+00:00,2025-08-28 23:02:00+00:00,967,2,FRA;AMS,301,Business,2324.94,USD,3,B787-9,68,True,True,high,summer_peak,False,16.12,False,144.23,6,False,5.02,8.11,0.1284,0.2293,0.8473
F000011,BA,British Airways,oneworld,BA1833;BA9867,BOM,Mumbai,LHR,London,2025-08-28 07:25:00+00:00,2025-08-29 10:08:00+00:00,1603,1,JFK,169,Economy,787.68,USD,7,E190,74,True,True,high,summer_peak,False,26.72,False,29.48,7,False,2.82,4.71,0.042,0.3905,0.4831
F000012,QF,Qantas,oneworld,QF9113,ICN,Seoul,DOH,Doha,2025-02-15 08:20:00+00:00,2025-02-15 17:48:00+00:00,568,0,,0,Economy,684.67,USD,5,B767-300,94,True,True,low,winter_low,False,9.47,True,72.3,8,False,0.0,0.3,0.0363,0.1282,0.0107
F000013,EK,Emirates,none,EK5139,ICN,Seoul,DOH,Doha,2025-02-15 08:50:00+00:00,2025-02-15 18:18:00+00:00,568,0,,0,Economy,716.07,USD,7,A320neo,92,True,False,low,winter_low,False,9.47,True,75.61,8,False,0.0,0.4,0.038,0.1282,0.0214
F000014,TK,Turkish Airlines,star,TK6755;TK9566,ICN,Seoul,DOH,Doha,2025-02-15 07:50:00+00:00,2025-02-16 00:16:00+00:00,986,1,SIN,95,Economy,492.26,USD,6,B787-9,79,False,True,low,winter_low,False,16.43,False,29.96,7,False,1.58,3.84,0.0254,0.2342,0.3899
F000015,SQ,Singapore Airlines,star,SQ1882;SQ6387,ICN,Seoul,DOH,Doha,2025-02-15 07:20:00+00:00,2025-02-15 19:08:00+00:00,708,1,DXB,96,Economy,564.68,USD,7,A350-900,83,True,False,low,winter_low,False,11.8,False,47.85,7,False,1.6,3.65,0.0295,0.1637,0.3696
F000016,AI,Air India,star,AI3097;AI9363,ICN,Seoul,DOH,Doha,2025-02-15 07:20:00+00:00,2025-02-16 16:55:00+00:00,2015,1,LAX,212,Economy,489.57,USD,5,A320neo,85,True,False,low,winter_low,False,33.58,False,14.58,7,False,3.53,4.515,0.0253,0.4949,0.4622
F000017,LH,Lufthansa,star,LH1854;LH1199,FCO,Rome,GIG,Rio de Janeiro,2025-05-07 08:25:00+00:00,2025-05-08 12:50:00+00:00,1705,1,LAX,100,Economy,752.42,USD,4,B737-800,84,True,True,medium,shoulder,False,28.42,False,26.48,8,False,1.67,3.635,0.0401,0.4164,0.368
F000018,DL,Delta,skyteam,DL1895;DL3273;DL2256,FCO,Rome,GIG,Rio de Janeiro,2025-05-07 07:55:00+00:00,2025-05-08 07:27:00+00:00,1412,2,IST;AMS,311,Economy,525.78,USD,6,A380-800,73,False,False,medium,shoulder,False,23.53,False,22.35,7,False,5.18,7.94,0.0273,0.3421,0.8291
F000019,KL,KLM,skyteam,KL3513;KL9797;KL4406,FCO,Rome,GIG,Rio de Janeiro,2025-05-07 06:55:00+00:00,2025-05-09 09:39:00+00:00,3044,2,SFO;DXB,303,Economy,661.86,USD,7,B767-300,79,True,False,medium,shoulder,False,50.73,False,13.05,6,False,5.05,7.575,0.035,0.7557,0.79
F000020,BA,British Airways,oneworld,BA4229;BA8876,FCO,Rome,GIG,Rio de Janeiro,2025-05-07 06:55:00+00:00,2025-05-08 05:18:00+00:00,1343,1,JFK,170,Economy,708.86,USD,8,B777-300ER,79,False,False,medium,shoulder,False,22.38,False,31.67,6,False,2.83,4.465,0.0376,0.3246,0.4569
F000021,KL,KLM,skyteam,KL8101,SIN,Singapore,AKL,Auckland,2025-05-30 10:35:00+00:00,2025-05-30 21:45:00+00:00,670,0,,0,Economy,953.79,USD,4,E190,86,False,True,medium,shoulder,False,11.17,True,85.39,10,False,0.0,0.7,0.0514,0.1541,0.0536
F000022,TG,Thai Airways,star,TG1842,SIN,Singapore,AKL,Auckland,2025-05-30 10:05:00+00:00,2025-05-30 21:15:00+00:00,670,0,,0,Business,3053.81,USD,7,B737-800,88,True,True,medium,shoulder,False,11.17,True,273.39,10,False,0.0,0.6,0.1694,0.1541,0.0428
F000023,AF,Air France,skyteam,AF9751,SIN,Singapore,AKL,Auckland,2025-05-30 09:35:00+00:00,2025-05-30 20:45:00+00:00,670,0,,0,Economy,811.37,USD,4,A350-900,88,True,False,medium,shoulder,False,11.17,True,72.64,9,False,0.0,0.6,0.0434,0.1541,0.0428
F000024,LH,Lufthansa,star,LH5839;LH9843;LH9577,SIN,Singapore,AKL,Auckland,2025-05-30 10:05:00+00:00,2025-06-01 01:59:00+00:00,2394,2,AMS;NRT,126,Premium Economy,1048.78,USD,6,E190,80,True,False,medium,shoulder,False,39.9,False,26.29,10,False,2.1,6.05,0.0567,0.591,0.6267
F000025,QR,Qatar Airways,oneworld,QR3331;QR2430;QR6869,SIN,Singapore,AKL,Auckland,2025-05-30 11:35:00+00:00,2025-06-01 03:53:00+00:00,2418,2,AMS;NRT,150,Economy,540.46,USD,4,B767-300,84,False,False,medium,shoulder,False,40.3,False,13.41,11,False,2.5,6.05,0.0281,0.5971,0.6267
F000026,UA,United Airlines,star,UA1418;UA7513,SIN,Singapore,AKL,Auckland,2025-05-30 11:35:00+00:00,2025-06-01 03:00:00+00:00,2365,1,FRA,151,Economy,698.48,USD,4,A350-900,85,False,False,medium,shoulder,False,39.42,False,17.72,11,False,2.52,4.01,0.037,0.5836,0.4081
F000027,UA,United Airlines,star,UA6468,DOH,Doha,AMS,Amsterdam,2025-12-10 22:25:00+00:00,2025-12-11 05:14:00+00:00,409,0,,0,Economy,583.16,USD,5,E190,87,True,False,medium,shoulder,False,6.82,True,85.51,22,False,0.0,0.65,0.0305,0.0879,0.0482
F000028,TG,Thai Airways,star,TG7792,DOH,Doha,AMS,Amsterdam,2025-12-10 22:25:00+00:00,2025-12-11 05:14:00+00:00,409,0,,0,Premium Economy,1061.2,USD,6,B767-300,92,True,False,medium,shoulder,False,6.82,True,155.6,22,False,0.0,0.4,0.0574,0.0879,0.0214
F000029,AF,Air France,skyteam,AF9444,DOH,Doha,AMS,Amsterdam,2025-12-10 22:55:00+00:00,2025-12-11 05:44:00+00:00,409,0,,0,Economy,468.41,USD,5,A350-900,87,True,False,medium,shoulder,False,6.82,True,68.68,22,False,0.0,0.65,0.0241,0.0879,0.0482
F000030,QF,Qantas,oneworld,QF1211;QF864;QF1177,DOH,Doha,AMS,Amsterdam,2025-12-10 20:25:00+00:00,2025-12-12 07:53:00+00:00,2128,2,HKG;JFK,127,Economy,340.51,USD,9,E190,76,False,True,medium,shoulder,False,35.47,False,9.6,20,False,2.12,6.26,0.0169,0.5236,0.6492
F000031,EK,Emirates,none,EK7917;EK1736;EK2273,DOH,Doha,AMS,Amsterdam,2025-12-10 22:55:00+00:00,2025-12-12 14:33:00+00:00,2378,2,CDG;SIN,294,Economy,403.05,USD,3,A350-900,80,True,False,medium,shoulder,False,39.63,False,10.17,22,False,4.9,7.45,0.0204,0.5869,0.7766
F000032,QF,Qantas,oneworld,QF1710;QF5781,DOH,Doha,AMS,Amsterdam,2025-12-10 21:25:00+00:00,2025-12-12 05:17:00+00:00,1912,1,LAX,160,Business,1307.54,USD,6,A320neo,90,True,True,medium,shoulder,False,31.87,False,41.03,21,False,2.67,3.835,0.0713,0.4688,0.3894
F000033,KL,KLM,skyteam,KL4369,HKG,Hong Kong,SFO,San Francisco,2025-04-04 13:50:00+00:00,2025-04-05 04:24:00+00:00,874,0,,0,Economy,1093.01,USD,7,A330-300,92,True,True,medium,shoulder,False,14.57,True,75.02,13,False,0.0,0.4,0.0592,0.2058,0.0214
F000034,QR,Qatar Airways,oneworld,QR1900,HKG,Hong Kong,SFO,San Francisco,2025-04-04 15:50:00+00:00,2025-04-05 06:24:00+00:00,874,0,,0,Economy,1188.3,USD,8,A321neo,90,True,False,medium,shoulder,False,14.57,True,81.56,15,False,0.0,0.5,0.0646,0.2058,0.0321
F000035,KE,Korean Air,skyteam,KE7113;KE9028,HKG,Hong Kong,SFO,San Francisco,2025-04-04 13:50:00+00:00,2025-04-05 16:32:00+00:00,1602,1,FRA,150,Economy,780.7,USD,7,A330-300,82,True,False,medium,shoulder,False,26.7,False,29.24,13,False,2.5,4.15,0.0416,0.3903,0.4231
F000036,JL,Japan Airlines,oneworld,JL9589;JL3885;JL2165,HKG,Hong Kong,SFO,San Francisco,2025-04-04 14:20:00+00:00,2025-04-06 10:48:00+00:00,2668,2,LAX;ICN,271,First,4562.42,USD,5,B787-9,80,True,True,medium,shoulder,False,44.47,False,102.6,14,False,4.52,7.26,0.2542,0.6604,0.7563
F000037,LH,Lufthansa,star,LH2573,NRT,Tokyo,PEK,Beijing,2025-07-16 10:25:00+00:00,2025-07-16 13:45:00+00:00,200,0,,0,Premium Economy,553.48,USD,3,A380-800,86,True,False,high,summer_peak,False,3.33,True,166.21,10,False,0.0,0.7,0.0289,0.035,0.0536
F000038,TG,Thai Airways,star,TG1850,NRT,Tokyo,PEK,Beijing,2025-07-16 09:55:00+00:00,2025-07-16 13:15:00+00:00,200,0,,0,First,1692.03,USD,4,A350-900,81,True,True,high,summer_peak,False,3.33,True,508.12,9,False,0.0,0.95,0.0929,0.035,0.0803
F000039,TK,Turkish Airlines,star,TK6637,NRT,Tokyo,PEK,Beijing,2025-07-16 09:55:00+00:00,2025-07-16 13:15:00+00:00,200,0,,0,Economy,351.39,USD,5,A350-900,80,False,False,high,summer_peak,False,3.33,True,105.52,9,False,0.0,1.0,0.0175,0.035,0.0857
F000040,LH,Lufthansa,star,LH7536;LH7186,NRT,Tokyo,PEK,Beijing,2025-07-16 09:55:00+00:00,2025-07-17 12:29:00+00:00,1594,1,FRA,228,Business,752.47,USD,4,A380-800,75,True,True,high,summer_peak,False,26.57,False,28.32,9,False,3.8,5.15,0.0401,0.3882,0.5303
F000041,CX,Cathay Pacific,oneworld,CX5474;CX274,NRT,Tokyo,PEK,Beijing,2025-07-16 10:25:00+00:00,2025-07-17 12:18:00+00:00,1553,1,FRA,187,Economy,306.68,USD,5,B787-9,80,False,True,high,summer_peak,False,25.88,False,11.85,10,False,3.12,4.56,0.015,0.3779,0.4671
F000042,KE,Korean Air,skyteam,KE6958;KE6990;KE5869,BOM,Mumbai,SVO,Moscow,2025-08-12 08:15:00+00:00,2025-08-13 22:14:00+00:00,2279,2,SFO;FRA,309,Economy,419.84,USD,6,A380-800,69,True,False,high,summer_peak,False,37.98,False,11.05,8,False,5.15,8.125,0.0214,0.5618,0.849
F000043,TK,Turkish Airlines,star,TK7769;TK4922;TK9082,BOM,Mumbai,SVO,Moscow,2025-08-12 08:15:00+00:00,2025-08-13 19:50:00+00:00,2135,2,CDG;HKG,237,Economy,489.16,USD,7,A330-300,74,False,False,high,summer_peak,False,35.58,False,13.75,8,False,3.95,7.275,0.0253,0.5253,0.7579
F000044,AF,Air France,skyteam,AF8794,DOH,Doha,MAA,Chennai,2026-01-21 16:00:00+00:00,2026-01-21 20:46:00+00:00,286,0,,0,Economy,373.1,USD,6,E190,86,True,True,low,winter_low,False,4.77,True,78.22,16,False,0.0,0.7,0.0187,0.0568,0.0536
F000045,TK,Turkish Airlines,star,TK1763,DOH,Doha,MAA,Chennai,2026-01-21 16:30:00+00:00,2026-01-21 21:16:00+00:00,286,0,,0,Premium Economy,627.69,USD,8,A330-300,88,True,False,low,winter_low,False,4.77,True,131.59,16,False,0.0,0.6,0.033,0.0568,0.0428
F000046,BA,British Airways,oneworld,BA2601,DOH,Doha,MAA,Chennai,2026-01-21 16:30:00+00:00,2026-01-21 21:16:00+00:00,286,0,,0,Economy,362.37,USD,5,B777-300ER,89,False,True,low,winter_low,False,4.77,True,75.97,16,False,0.0,0.55,0.0181,0.0568,0.0375
F000047,LH,Lufthansa,star,LH2040;LH4433,DOH,Doha,MAA,Chennai,2026-01-21 18:00:00+00:00,2026-01-22 09:52:00+00:00,952,1,IST,226,Economy,274.95,USD,7,A350-900,86,False,False,low,winter_low,False,15.87,False,17.33,18,False,3.77,4.585,0.0132,0.2255,0.4697
F000048,SQ,Singapore Airlines,star,SQ4963;SQ7731,DOH,Doha,MAA,Chennai,2026-01-21 16:00:00+00:00,2026-01-23 06:57:00+00:00,2337,1,LAX,174,Economy,295.11,USD,6,B777-300ER,89,True,False,low,winter_low,False,38.95,False,7.58,16,False,2.9,4.0,0.0144,0.5765,0.4071
F000049,NH,ANA,star,NH655;NH3595,DOH,Doha,MAA,Chennai,2026-01-21 16:30:00+00:00,2026-01-23 03:06:00+00:00,2076,1,JFK,179,Business,974.79,USD,9,B777-300ER,84,True,True,low,winter_low,False,34.6,False,28.17,16,False,2.98,4.29,0.0526,0.5104,0.4381
F000050,QR,Qatar Airways,oneworld,QR963;QR4837,DOH,Doha,MAA,Chennai,2026-01-21 18:00:00+00:00,2026-01-22 01:50:00+00:00,470,1,DXB,142,Economy,276.32,USD,6,B737-800,90,False,False,low,winter_low,False,7.83,False,35.29,18,False,2.37,3.685,0.0133,0.1034,0.3733
F000051,KL,KLM,skyteam,KL7883,FRA,Frankfurt,MAA,Chennai,2026-06-03 09:15:00+00:00,2026-06-03 19:24:00+00:00,609,0,,0,Economy,957.62,USD,6,A320neo,83,False,False,high,summer_peak,False,10.15,True,94.35,9,False,0.0,0.85,0.0516,0.1386,0.0696
F000052,NH,ANA,star,NH9869,FRA,Frankfurt,MAA,Chennai,2026-06-03 08:45:00+00:00,2026-06-03 18:54:00+00:00,609,0,,0,Premium Economy,2181.07,USD,7,A321neo,86,True,True,high,summer_peak,False,10.15,True,214.88,8,False,0.0,0.7,0.1204,0.1386,0.0536
F000053,SQ,Singapore Airlines,star,SQ1760,FRA,Frankfurt,MAA,Chennai,2026-06-03 10:45:00+00:00,2026-06-03 20:54:00+00:00,609,0,,0,Economy,1259.13,USD,7,A330-300,86,False,False,high,summer_peak,False,10.15,True,124.05,10,False,0.0,0.7,0.0685,0.1386,0.0536
F000054,AI,Air India,star,AI8255;AI9398,FRA,Frankfurt,MAA,Chennai,2026-06-03 09:15:00+00:00,2026-06-04 16:24:00+00:00,1869,1,SFO,60,Business,2454.21,USD,6,A320neo,74,True,True,high,summer_peak,False,31.15,False,78.79,9,False,1.0,3.8,0.1357,0.4579,0.3856
F000055,QR,Qatar Airways,oneworld,QR3577;QR2586;QR354,FRA,Frankfurt,MAA,Chennai,2026-06-03 11:15:00+00:00,2026-06-04 15:53:00+00:00,1718,2,NRT;SIN,276,Economy,689.67,USD,5,A320neo,79,True,False,high,summer_peak,False,28.63,False,24.09,11,False,4.6,7.35,0.0365,0.4197,0.7659
F000056,JL,Japan Airlines,oneworld,JL6472,GIG,Rio de Janeiro,SFO,San Francisco,2025-05-05 06:00:00+00:00,2025-05-05 19:57:00+00:00,837,0,,0,Economy,1087.54,USD,5,A380-800,89,False,True,medium,shoulder,False,13.95,True,77.96,6,False,0.0,0.55,0.0589,0.1964,0.0375
F000057,QR,Qatar Airways,oneworld,QR5281,GIG,Rio de Janeiro,SFO,San Francisco,2025-05-05 08:00:00+00:00,2025-05-05 21:57:00+00:00,837,0,,0,Premium Economy,2450.21,USD,5,E190,88,True,False,medium,shoulder,False,13.95,True,175.64,8,False,0.0,0.6,0.1355,0.1964,0.0428
F000058,TK,Turkish Airlines,star,TK2012,GIG,Rio de Janeiro,SFO,San Francisco,2025-05-05 07:00:00+00:00,2025-05-05 20:57:00+00:00,837,0,,0,Economy,1134.51,USD,5,A330-300,86,False,False,medium,shoulder,False,13.95,True,81.33,7,False,0.0,0.7,0.0615,0.1964,0.0536
F000059,NH,ANA,star,NH4132;NH6271;NH6446,GIG,Rio de Janeiro,SFO,San Francisco,2025-05-05 07:00:00+00:00,2025-05-06 13:49:00+00:00,1849,2,LHR;FRA,301,Premium Economy,1541.93,USD,8,B777-300ER,82,True,False,medium,shoulder,False,30.82,False,50.03,7,False,5.02,7.41,0.0844,0.4529,0.7724
F000060,KL,KLM,skyteam,KL8291;KL5782,GIG,Rio de Janeiro,SFO,San Francisco,2025-05-05 06:00:00+00:00,2025-05-06 12:58:00+00:00,1858,1,IST,201,Economy,736.26,USD,7,A321neo,86,False,False,medium,shoulder,False,30.97,False,23.77,6,False,3.35,4.375,0.0392,0.4551,0.4472
F000061,KE,Korean Air,skyteam,KE5918;KE1126;KE3915,GIG,Rio de Janeiro,SFO,San Francisco,2025-05-05 07:00:00+00:00,2025-05-06 21:59:00+00:00,2339,2,DOH;FRA,325,Economy,691.55,USD,6,E190,80,False,False,medium,shoulder,False,38.98,False,17.74,7,False,5.42,7.71,0.0366,0.577,0.8045
F000062,QR,Qatar Airways,oneworld,QR6694;QR8574,GIG,Rio de Janeiro,SFO,San Francisco,2025-05-05 08:00:00+00:00,2025-05-06 10:27:00+00:00,1587,1,CDG,147,Premium Economy,1709.77,USD,9,A330-300,87,True,True,medium,shoulder,False,26.45,False,64.64,8,False,2.45,3.875,0.0939,0.3865,0.3937
F000063,EK,Emirates,none,EK6156;EK7608;EK8076,SVO,Moscow,AKL,Auckland,2025-04-19 11:05:00+00:00,2025-04-21 08:04:00+00:00,2699,2,NRT;JFK,138,Economy,1025.1,USD,9,A321neo,84,False,False,medium,shoulder,False,44.98,False,22.79,11,False,2.3,5.95,0.0554,0.6683,0.616
F000064,KE,Korean Air,skyteam,KE2920;KE732,SVO,Moscow,AKL,Auckland,2025-04-19 10:35:00+00:00,2025-04-20 11:27:00+00:00,1492,1,SIN,149,Economy,1346.58,USD,5,B737-800,81,True,False,medium,shoulder,False,24.87,False,54.14,10,False,2.48,4.19,0.0735,0.3624,0.4274
F000065,AF,Air France,skyteam,AF7812;AF5407,SVO,Moscow,AKL,Auckland,2025-04-19 10:35:00+00:00,2025-04-20 11:45:00+00:00,1510,1,NRT,205,Business,4354.15,USD,5,A380-800,79,True,True,medium,shoulder,False,25.17,False,172.99,10,False,3.42,4.76,0.2425,0.367,0.4885
F000066,EK,Emirates,none,EK5384,SVO,Moscow,AMS,Amsterdam,2026-01-19 13:40:00+00:00,2026-01-19 17:00:00+00:00,200,0,,0,Economy,238.04,USD,5,B787-9,93,True,False,low,winter_low,False,3.33,True,71.48,13,False,0.0,0.35,0.0111,0.035,0.0161
F000067,DL,Delta,skyteam,DL3053,SVO,Moscow,AMS,Amsterdam,2026-01-19 12:40:00+00:00,2026-01-19 16:00:00+00:00,200,0,,0,Economy,221.01,USD,9,B787-9,84,False,True,low,winter_low,False,3.33,True,66.37,12,False,0.0,0.8,0.0102,0.035,0.0643
F000068,QR,Qatar Airways,oneworld,QR7574;QR8004,SVO,Moscow,AMS,Amsterdam,2026-01-19 14:10:00+00:00,2026-01-20 04:10:00+00:00,840,1,DOH,121,Economy,196.28,USD,4,A330-300,87,False,True,low,winter_low,False,14.0,False,14.02,14,False,2.02,3.66,0.0088,0.1972,0.3706
F000069,SQ,Singapore Airlines,star,SQ6909;SQ2757,SVO,Moscow,AMS,Amsterdam,2026-01-19 14:10:00+00:00,2026-01-20 16:10:00+00:00,1560,1,SFO,115,Business,551.42,USD,4,A380-800,86,True,True,low,winter_low,False,26.0,False,21.21,14,False,1.92,3.66,0.0288,0.3796,0.3706
F000070,NH,ANA,star,NH3676;NH4635,SVO,Moscow,AMS,Amsterdam,2026-01-19 12:10:00+00:00,2026-01-19 21:10:00+00:00,540,1,IST,166,Premium Economy,302.14,USD,8,A330-300,88,True,True,low,winter_low,False,9.0,False,33.57,12,False,2.77,3.985,0.0148,0.1211,0.4055
F000071,AA,American Airlines,oneworld,AA9650;AA5146,SVO,Moscow,AMS,Amsterdam,2026-01-19 12:10:00+00:00,2026-01-19 17:58:00+00:00,348,1,FRA,90,Business,560.9,USD,5,A320neo,81,True,True,low,winter_low,False,5.8,False,96.71,12,False,1.5,3.7,0.0293,0.0725,0.3749
F000072,EK,Emirates,none,EK6348;EK9542,BOM,Mumbai,PVG,Shanghai,2026-02-22 21:00:00+00:00,2026-02-23 12:59:00+00:00,959,1,NRT,237,Economy,388.06,USD,4,A380-800,87,False,False,low,winter_low,False,15.98,False,24.28,21,False,3.95,4.625,0.0196,0.2273,0.474
F000073,NH,ANA,star,NH418;NH1680,BOM,Mumbai,PVG,Shanghai,2026-02-22 20:00:00+00:00,2026-02-24 06:03:00+00:00,2043,1,JFK,134,Business,1308.27,USD,9,A350-900,82,True,True,low,winter_low,False,34.05,False,38.42,20,False,2.23,4.015,0.0713,0.502,0.4087
F000074,BA,British Airways,oneworld,BA8187;BA9699,BOM,Mumbai,PVG,Shanghai,2026-02-22 19:30:00+00:00,2026-02-23 18:29:00+00:00,1379,1,LHR,66,Economy,349.03,USD,8,A380-800,85,True,True,low,winter_low,False,22.98,False,15.19,19,False,1.1,3.3,0.0174,0.3338,0.3321
F000075,AA,American Airlines,oneworld,AA8576,DXB,Dubai,SVO,Moscow,2025-08-21 21:10:00+00:00,2025-08-22 02:28:00+00:00,318,0,,0,Economy,574.92,USD,3,B737-800,85,True,False,high,summer_peak,False,5.3,True,108.48,21,False,0.0,0.75,0.0301,0.0649,0.0589
F000076,UA,United Airlines,star,UA8796,DXB,Dubai,SVO,Moscow,2025-08-21 20:40:00+00:00,2025-08-22 01:58:00+00:00,318,0,,0,Premium Economy,894.77,USD,3,A321neo,81,True,False,high,summer_peak,False,5.3,True,168.82,20,False,0.0,0.95,0.0481,0.0649,0.0803
F000077,TG,Thai Airways,star,TG3794,DXB,Dubai,SVO,Moscow,2025-08-21 19:10:00+00:00,2025-08-22 00:28:00+00:00,318,0,,0,Business,1866.64,USD,3,B777-300ER,80,True,True,high,summer_peak,False,5.3,True,352.2,19,False,0.0,1.0,0.1027,0.0649,0.0857
F000078,QR,Qatar Airways,oneworld,QR866,DXB,Dubai,SVO,Moscow,2025-08-21 20:10:00+00:00,2025-08-22 01:28:00+00:00,318,0,,0,Economy,677.26,USD,2,A320neo,91,False,False,high,summer_peak,False,5.3,True,127.78,20,False,0.0,0.45,0.0358,0.0649,0.0268
F000079,TK,Turkish Airlines,star,TK5794;TK2835,DXB,Dubai,SVO,Moscow,2025-08-21 20:40:00+00:00,2025-08-22 08:12:00+00:00,692,1,AMS,65,Economy,397.87,USD,2,A320neo,78,False,False,high,summer_peak,False,11.53,False,34.51,20,False,1.08,3.64,0.0201,0.1597,0.3685
F000080,LH,Lufthansa,star,LH1539;LH9050,DXB,Dubai,SVO,Moscow,2025-08-21 18:40:00+00:00,2025-08-22 05:20:00+00:00,640,1,IST,202,Premium Economy,713.58,USD,4,B787-9,77,True,False,high,summer_peak,False,10.67,False,66.88,18,False,3.37,4.835,0.0379,0.1465,0.4965
F000081,LH,Lufthansa,star,LH8495;LH9044;LH6377,DXB,Dubai,SVO,Moscow,2025-08-21 18:40:00+00:00,2025-08-22 09:50:00+00:00,910,2,LHR;FRA,179,Premium Economy,613.62,USD,6,B777-300ER,71,True,True,high,summer_peak,False,15.17,False,40.45,18,False,2.98,6.94,0.0323,0.2149,0.722
F000082,QR,Qatar Airways,oneworld,QR6928,DOH,Doha,LAX,Los Angeles,2025-09-02 10:55:00+00:00,2025-09-03 04:16:00+00:00,1041,0,,0,Economy,1602.4,USD,5,B737-800,90,True,True,medium,shoulder,False,17.35,True,92.36,10,False,0.0,0.5,0.0878,0.2481,0.0321
F000083,EK,Emirates,none,EK1657,DOH,Doha,LAX,Los Angeles,2025-09-02 08:55:00+00:00,2025-09-03 02:16:00+00:00,1041,0,,0,Business,5762.4,USD,8,B787-9,96,True,True,medium,shoulder,False,17.35,True,332.13,8,False,0.0,0.2,0.3216,0.2481,0.0
F000084,JL,Japan Airlines,oneworld,JL6867,DOH,Doha,LAX,Los Angeles,2025-09-02 09:55:00+00:00,2025-09-03 03:16:00+00:00,1041,0,,0,Economy,1619.5,USD,9,A321neo,90,True,False,medium,shoulder,False,17.35,True,93.34,9,False,0.0,0.5,0.0888,0.2481,0.0321
F000085,TK,Turkish Airlines,star,TK4899;TK5882,DOH,Doha,LAX,Los Angeles,2025-09-02 08:55:00+00:00,2025-09-03 08:32:00+00:00,1417,1,JFK,232,Economy,991.21,USD,6,B767-300,83,False,False,medium,shoulder,False,23.62,False,41.96,8,False,3.87,4.785,0.0535,0.3434,0.4912
F000086,TG,Thai Airways,star,TG5406;TG4075,DOH,Doha,LAX,Los Angeles,2025-09-02 09:55:00+00:00,2025-09-03 07:32:00+00:00,1297,1,SFO,203,Economy,936.02,USD,5,A350-900,83,False,False,medium,shoulder,False,21.62,False,43.29,9,False,3.38,4.54,0.0504,0.313,0.4649
F000087,TK,Turkish Airlines,star,TK9843;TK5852,DOH,Doha,LAX,Los Angeles,2025-09-02 09:25:00+00:00,2025-09-03 10:09:00+00:00,1484,1,ICN,154,Premium Economy,1853.99,USD,6,A320neo,78,True,False,medium,shoulder,False,24.73,False,74.97,9,False,2.57,4.385,0.102,0.3604,0.4483
F000088,TG,Thai Airways,star,TG8785;TG1611,DOH,Doha,LAX,Los Angeles,2025-09-02 08:55:00+00:00,2025-09-03 14:36:00+00:00,1781,1,SIN,179,Economy,977.47,USD,4,B737-800,83,True,False,medium,shoulder,False,29.68,False,32.93,8,False,2.98,4.34,0.0527,0.4356,0.4435
F000089,QF,Qantas,oneworld,QF3321;QF2970;QF8256,CPT,Cape Town,PEK,Beijing,2025-06-29 07:50:00+00:00,2025-07-01 07:03:00+00:00,2833,2,JFK;SIN,285,Economy,750.85,USD,8,E190,76,True,False,low,winter_low,False,47.22,False,15.9,7,False,4.75,7.575,0.04,0.7022,0.79
F000090,CX,Cathay Pacific,oneworld,CX8135;CX7759,CPT,Cape Town,PEK,Beijing,2025-06-29 05:50:00+00:00,2025-06-30 05:32:00+00:00,1422,1,NRT,74,Economy,921.24,USD,8,B777-300ER,90,False,True,low,winter_low,False,23.7,False,38.87,5,True,1.23,3.115,0.0495,0.3447,0.3123
F000091,SQ,Singapore Airlines,star,SQ4185,JFK,New York,CPT,Cape Town,2025-05-28 17:25:00+00:00,2025-05-29 09:47:00+00:00,982,0,,0,Economy,1407.17,USD,4,A320neo,91,True,False,medium,shoulder,False,16.37,True,85.96,17,False,0.0,0.45,0.0769,0.2331,0.0268
F000092,TK,Turkish Airlines,star,TK5075,JFK,New York,CPT,Cape Town,2025-05-28 17:25:00+00:00,2025-05-29 09:47:00+00:00,982,0,,0,Economy,1217.58,USD,6,E190,91,True,False,medium,shoulder,False,16.37,True,74.38,17,False,0.0,0.45,0.0662,0.2331,0.0268
F000093,AA,American Airlines,oneworld,AA3156;AA225,JFK,New York,CPT,Cape Town,2025-05-28 17:25:00+00:00,2025-05-29 15:25:00+00:00,1320,1,LHR,99,Economy,868.53,USD,5,B777-300ER,84,False,True,medium,shoulder,False,22.0,False,39.48,17,False,1.65,3.625,0.0466,0.3188,0.3669
F000094,AA,American Airlines,oneworld,AA7236;AA672,JFK,New York,CPT,Cape Town,2025-05-28 16:55:00+00:00,2025-05-30 04:03:00+00:00,2108,1,ICN,174,Economy,894.72,USD,5,A320neo,81,True,True,medium,shoulder,False,35.13,False,25.47,16,False,2.9,4.4,0.0481,0.5185,0.4499
F000095,TK,Turkish Airlines,star,TK9726,PVG,Shanghai,HKG,Hong Kong,2025-07-21 08:40:00+00:00,2025-07-21 10:54:00+00:00,134,0,,0,Economy,241.61,USD,4,B767-300,87,True,False,high,summer_peak,False,2.23,True,108.35,8,False,0.0,0.65,0.0113,0.0182,0.0482
F000096,TK,Turkish Airlines,star,TK8505,PVG,Shanghai,HKG,Hong Kong,2025-07-21 08:10:00+00:00,2025-07-21 10:24:00+00:00,134,0,,0,Premium Economy,352.6,USD,2,B767-300,81,True,False,high,summer_peak,False,2.23,True,158.12,8,False,0.0,0.95,0.0176,0.0182,0.0803
F000097,QF,Qantas,oneworld,QF570,PVG,Shanghai,HKG,Hong Kong,2025-07-21 09:40:00+00:00,2025-07-21 11:54:00+00:00,134,0,,0,Economy,281.94,USD,7,E190,90,True,True,high,summer_peak,False,2.23,True,126.43,9,False,0.0,0.5,0.0136,0.0182,0.0321
F000098,AA,American Airlines,oneworld,AA1540;AA3809,PVG,Shanghai,HKG,Hong Kong,2025-07-21 09:40:00+00:00,2025-07-22 12:18:00+00:00,1598,1,CDG,104,Economy,156.36,USD,4,A330-300,78,False,False,high,summer_peak,False,26.63,False,5.87,9,False,1.73,3.965,0.0066,0.3893,0.4033
F000099,QF,Qantas,oneworld,QF3076;QF4875;QF1987,PVG,Shanghai,HKG,Hong Kong,2025-07-21 08:40:00+00:00,2025-07-22 18:19:00+00:00,2019,2,DOH;LHR,275,Economy,160.48,USD,4,E190,73,False,False,high,summer_peak,False,33.65,False,4.77,8,False,4.58,7.64,0.0068,0.4959,0.797
F000100,TG,Thai Airways,star,TG9349;TG3829,PVG,Shanghai,HKG,Hong Kong,2025-07-21 08:10:00+00:00,2025-07-22 12:20:00+00:00,1690,1,CDG,196,Economy,166.81,USD,6,B787-9,76,False,False,high,summer_peak,False,28.17,False,5.92,8,False,3.27,4.835,0.0071,0.4126,0.4965
F000101,NH,ANA,star,NH5319;NH3542,PVG,Shanghai,HKG,Hong Kong,2025-07-21 09:10:00+00:00,2025-07-22 10:57:00+00:00,1547,1,FRA,117,Business,584.78,USD,4,A321neo,78,True,True,high,summer_peak,False,25.78,False,22.68,9,False,1.95,4.075,0.0306,0.3763,0.4151
F000102,DL,Delta,skyteam,DL2347;DL2337;DL8069,CPT,Cape Town,FCO,Rome,2025-08-15 10:05:00+00:00,2025-08-16 19:37:00+00:00,2012,2,HKG;IST,303,Economy,455.09,USD,9,B787-9,76,True,True,low,winter_low,False,33.53,False,13.57,10,False,5.05,7.725,0.0233,0.4942,0.8061
F000103,QF,Qantas,oneworld,QF2636;QF9908;QF7655,CPT,Cape Town,FCO,Rome,2025-08-15 07:35:00+00:00,2025-08-16 22:25:00+00:00,2330,2,ICN;DXB,358,Economy,601.9,USD,7,A350-900,78,True,False,low,winter_low,False,38.83,False,15.5,7,False,5.97,8.085,0.0316,0.5748,0.8447
F000104,NH,ANA,star,NH4843;NH2854;NH9234,CPT,Cape Town,FCO,Rome,2025-08-15 08:35:00+00:00,2025-08-16 05:46:00+00:00,1271,2,LHR;FRA,306,Economy,561.61,USD,4,A320neo,81,True,False,low,winter_low,False,21.18,False,26.52,8,False,5.1,7.5,0.0293,0.3064,0.782
F000105,QR,Qatar Airways,oneworld,QR4785;QR4219,CPT,Cape Town,FCO,Rome,2025-08-15 10:05:00+00:00,2025-08-16 13:00:00+00:00,1615,1,SIN,57,Business,2221.28,USD,9,A350-900,83,True,True,low,winter_low,False,26.92,False,82.51,10,False,0.95,3.325,0.1226,0.3936,0.3348
F000106,TG,Thai Airways,star,TG6137,CPT,Cape Town,FRA,Frankfurt,2025-01-29 03:30:00+00:00,2025-01-29 15:54:00+00:00,744,0,,0,Economy,1284.05,USD,3,B767-300,83,False,False,high,summer_peak,False,12.4,True,103.55,3,True,0.0,0.85,0.0699,0.1728,0.0696
F000107,JL,Japan Airlines,oneworld,JL1856,CPT,Cape Town,FRA,Frankfurt,2025-01-29 02:00:00+00:00,2025-01-29 14:24:00+00:00,744,0,,0,Economy,1395.66,USD,6,B777-300ER,84,False,False,high,summer_peak,False,12.4,True,112.55,2,True,0.0,0.8,0.0762,0.1728,0.0643
F000108,KL,KLM,skyteam,KL3226;KL3676;KL6202,CPT,Cape Town,FRA,Frankfurt,2025-01-29 02:30:00+00:00,2025-01-30 11:29:00+00:00,1979,2,DXB;ICN,142,Premium Economy,1686.71,USD,2,A320neo,75,True,False,high,summer_peak,False,32.98,False,51.14,2,True,2.37,6.435,0.0926,0.4858,0.6679
F000109,AA,American Airlines,oneworld,AA2794;AA6306,CPT,Cape Town,FRA,Frankfurt,2025-01-29 03:30:00+00:00,2025-01-30 15:22:00+00:00,2152,1,LAX,167,Economy,867.62,USD,4,A320neo,76,True,False,high,summer_peak,False,35.87,False,24.19,3,True,2.78,4.59,0.0465,0.5297,0.4703
F000110,NH,ANA,star,NH3194,DEL,Delhi,ICN,Seoul,2026-04-26 05:55:00+00:00,2026-04-26 12:23:00+00:00,388,0,,0,Economy,567.58,USD,4,B787-9,88,False,True,medium,shoulder,False,6.47,True,87.72,5,True,0.0,0.6,0.0297,0.0826,0.0428
F000111,AA,American Airlines,oneworld,AA5998,DEL,Delhi,ICN,Seoul,2026-04-26 04:55:00+00:00,2026-04-26 11:23:00+00:00,388,0,,0,Economy,487.34,USD,7,A350-900,90,False,False,medium,shoulder,False,6.47,True,75.32,4,True,0.0,0.5,0.0252,0.0826,0.0321
F000112,SQ,Singapore Airlines,star,SQ3811;SQ8967;SQ9483,DEL,Delhi,ICN,Seoul,2026-04-26 05:25:00+00:00,2026-04-27 09:43:00+00:00,1698,2,CDG;AMS,416,Premium Economy,600.2,USD,8,A321neo,83,True,False,medium,shoulder,False,28.3,False,21.21,5,True,6.93,8.315,0.0315,0.4146,0.8693
F000113,LH,Lufthansa,star,LH9017;LH2905,DEL,Delhi,ICN,Seoul,2026-04-26 04:55:00+00:00,2026-04-27 11:56:00+00:00,1861,1,SFO,172,Economy,402.63,USD,4,E190,84,True,True,medium,shoulder,False,31.02,False,12.98,4,True,2.87,4.235,0.0204,0.4559,0.4322
F000114,UA,United Airlines,star,UA1536;UA3403,DEL,Delhi,ICN,Seoul,2026-04-26 05:55:00+00:00,2026-04-27 04:01:00+00:00,1326,1,CDG,85,Business,1310.53,USD,7,A321neo,84,True,True,medium,shoulder,False,22.1,False,59.3,5,True,1.42,3.51,0.0714,0.3203,0.3546
F000115,NH,ANA,star,NH1732;NH5928,DEL,Delhi,ICN,Seoul,2026-04-26 06:55:00+00:00,2026-04-27 00:57:00+00:00,1082,1,IST,66,Economy,449.56,USD,7,B737-800,87,False,True,medium,shoulder,False,18.03,False,24.93,6,False,1.1,3.2,0.023,0.2585,0.3214
F000116,CX,Cathay Pacific,oneworld,CX9738,SFO,San Francisco,BOM,Mumbai,2025-12-29 09:05:00+00:00,2025-12-30 02:38:00+00:00,1053,0,,0,Economy,2580.44,USD,3,B767-300,82,False,False,peak,year_end_holidays,True,17.55,True,147.03,9,False,0.0,0.9,0.1428,0.2511,0.075
F000117,EK,Emirates,none,EK505,SFO,San Francisco,BOM,Mumbai,2025-12-29 08:05:00+00:00,2025-12-30 01:38:00+00:00,1053,0,,0,Business,10341.36,USD,3,A330-300,80,True,True,peak,year_end_holidays,True,17.55,True,589.25,8,False,0.0,1.0,0.579,0.2511,0.0857
F000118,KE,Korean Air,skyteam,KE680,SFO,San Francisco,BOM,Mumbai,2025-12-29 08:35:00+00:00,2025-12-30 02:08:00+00:00,1053,0,,0,Economy,2373.97,USD,1,A330-300,76,False,False,peak,year_end_holidays,True,17.55,True,135.27,8,False,0.0,1.2,0.1312,0.2511,0.1071
F000119,AF,Air France,skyteam,AF9753;AF815,SFO,San Francisco,BOM,Mumbai,2025-12-29 07:05:00+00:00,2025-12-30 06:40:00+00:00,1415,1,DOH,190,Economy,1636.12,USD,2,A330-300,72,False,False,peak,year_end_holidays,True,23.58,False,69.39,7,False,3.17,4.985,0.0897,0.3429,0.5126
F000120,KL,KLM,skyteam,KL2489;KL2453;KL4567,SFO,San Francisco,BOM,Mumbai,2025-12-29 08:05:00+00:00,2025-12-30 10:41:00+00:00,1596,2,LHR;FRA,290,Business,5720.95,USD,4,A380-800,64,True,True,peak,year_end_holidays,True,26.6,False,215.07,8,False,4.83,8.215,0.3193,0.3887,0.8586
F000121,QF,Qantas,oneworld,QF2570;QF2321,BOM,Mumbai,PEK,Beijing,2025-09-26 12:45:00+00:00,2025-09-27 22:03:00+00:00,1998,1,LAX,117,Premium Economy,832.01,USD,4,A320neo,87,True,False,medium,shoulder,False,33.3,False,24.99,12,False,1.95,3.625,0.0445,0.4906,0.3669
F000122,CX,Cathay Pacific,oneworld,CX1304;CX3216;CX9657,BOM,Mumbai,PEK,Beijing,2025-09-26 12:15:00+00:00,2025-09-28 04:01:00+00:00,2386,2,HKG;LAX,320,Economy,366.95,USD,3,E190,81,True,False,medium,shoulder,False,39.77,False,9.23,12,False,5.33,7.615,0.0184,0.589,0.7943
F000123,BA,British Airways,oneworld,BA881;BA6646,BOM,Mumbai,PEK,Beijing,2025-09-26 11:45:00+00:00,2025-09-27 09:58:00+00:00,1333,1,CDG,115,Business,1340.11,USD,6,A350-900,81,True,True,medium,shoulder,False,22.22,False,60.31,11,False,1.92,3.91,0.0731,0.3221,0.3974
F000124,SQ,Singapore Airlines,star,SQ4534;SQ8897,BOM,Mumbai,PEK,Beijing,2025-09-26 10:15:00+00:00,2025-09-27 02:04:00+00:00,949,1,SIN,239,Economy,388.59,USD,8,A320neo,85,False,False,medium,shoulder,False,15.82,False,24.56,10,False,3.98,4.74,0.0196,0.2248,0.4863
F000125,QR,Qatar Airways,oneworld,QR5291,HKG,Hong Kong,CPT,Cape Town,2025-12-01 20:00:00+00:00,2025-12-02 11:27:00+00:00,927,0,,0,Economy,1471.85,USD,7,B737-800,88,True,False,medium,shoulder,False,15.45,True,95.27,20,False,0.0,0.6,0.0805,0.2192,0.0428
F000126,UA,United Airlines,star,UA1631,HKG,Hong Kong,CPT,Cape Town,2025-12-01 20:30:00+00:00,2025-12-02 11:57:00+00:00,927,0,,0,Economy,1302.88,USD,3,A330-300,86,True,False,medium,shoulder,False,15.45,True,84.33,20,False,0.0,0.7,0.071,0.2192,0.0536
F000127,LH,Lufthansa,star,LH5166;LH9102,HKG,Hong Kong,CPT,Cape Town,2025-12-01 21:00:00+00:00,2025-12-03 10:11:00+00:00,2231,1,JFK,237,Premium Economy,1653.56,USD,8,B787-9,78,True,False,medium,shoulder,False,37.18,False,44.47,21,False,3.95,5.075,0.0907,0.5497,0.5222
F000128,AA,American Airlines,oneworld,AA2102;AA1085;AA9000,HKG,Hong Kong,CPT,Cape Town,2025-12-01 19:30:00+00:00,2025-12-03 03:05:00+00:00,1895,2,LHR;IST,235,Economy,839.2,USD,7,A350-900,74,False,True,medium,shoulder,False,31.58,False,26.57,19,False,3.92,7.26,0.0449,0.4645,0.7563
F000129,DL,Delta,skyteam,DL6816,SYD,Sydney,DOH,Doha,2025-07-01 19:40:00+00:00,2025-07-02 11:48:00+00:00,968,0,,0,Economy,1030.54,USD,7,A350-900,90,True,True,low,winter_low,False,16.13,True,63.89,19,False,0.0,0.5,0.0557,0.2296,0.0321
F000130,KE,Korean Air,skyteam,KE5904,SYD,Sydney,DOH,Doha,2025-07-01 20:40:00+00:00,2025-07-02 12:48:00+00:00,968,0,,0,Premium Economy,2118.32,USD,5,B737-800,87,True,False,low,winter_low,False,16.13,True,131.33,20,False,0.0,0.65,0.1168,0.2296,0.0482
F000131,QF,Qantas,oneworld,QF3648,SYD,Sydney,DOH,Doha,2025-07-01 20:40:00+00:00,2025-07-02 12:48:00+00:00,968,0,,0,Economy,1223.18,USD,8,A330-300,95,True,False,low,winter_low,False,16.13,True,75.83,20,False,0.0,0.25,0.0665,0.2296,0.0054
F000132,AA,American Airlines,oneworld,AA6004;AA856,SYD,Sydney,DOH,Doha,2025-07-01 21:10:00+00:00,2025-07-02 22:27:00+00:00,1517,1,IST,109,Economy,871.66,USD,7,A330-300,81,True,True,low,winter_low,False,25.28,False,34.48,21,False,1.82,3.86,0.0468,0.3687,0.3921
F000133,EK,Emirates,none,EK6886;EK5663,SYD,Sydney,DOH,Doha,2025-07-01 19:40:00+00:00,2025-07-02 16:58:00+00:00,1278,1,HKG,173,Economy,1000.45,USD,9,B777-300ER,83,False,False,low,winter_low,False,21.3,False,46.97,19,False,2.88,4.29,0.054,0.3082,0.4381
F000134,EK,Emirates,none,EK1157;EK1907;EK2073,SYD,Sydney,DOH,Doha,2025-07-01 19:10:00+00:00,2025-07-03 01:41:00+00:00,1831,2,HKG;FRA,127,Economy,911.54,USD,7,A330-300,81,False,True,low,winter_low,False,30.52,False,29.87,19,False,2.12,6.01,0.049,0.4483,0.6224
F000135,AA,American Airlines,oneworld,AA349;AA4435;AA4507,SYD,Sydney,DOH,Doha,2025-07-01 19:10:00+00:00,2025-07-02 22:55:00+00:00,1665,2,HKG;IST,185,Economy,686.62,USD,4,A320neo,74,True,True,low,winter_low,False,27.75,False,24.74,19,False,3.08,6.84,0.0364,0.4062,0.7113
F000136,AF,Air France,skyteam,AF4272,MEL,Melbourne,AKL,Auckland,2025-10-01 02:25:00+00:00,2025-10-01 06:22:00+00:00,237,0,,0,Economy,269.37,USD,8,E190,92,False,False,medium,shoulder,False,3.95,True,68.19,2,True,0.0,0.4,0.0129,0.0443,0.0214
F000137,AA,American Airlines,oneworld,AA1522,MEL,Melbourne,AKL,Auckland,2025-10-01 02:55:00+00:00,2025-10-01 06:52:00+00:00,237,0,,0,Economy,283.8,USD,9,E190,85,False,False,medium,shoulder,False,3.95,True,71.85,2,True,0.0,0.75,0.0137,0.0443,0.0589
F000138,AI,Air India,star,AI6324;AI3940,MEL,Melbourne,AKL,Auckland,2025-10-01 00:55:00+00:00,2025-10-02 14:26:00+00:00,2251,1,DOH,185,Economy,196.37,USD,9,B777-300ER,86,True,True,medium,shoulder,False,37.52,False,5.23,0,True,3.08,4.24,0.0088,0.5547,0.4328
F000139,AA,American Airlines,oneworld,AA2427;AA1178,MEL,Melbourne,AKL,Auckland,2025-10-01 00:25:00+00:00,2025-10-02 13:11:00+00:00,2206,1,DXB,188,Premium Economy,407.29,USD,9,B767-300,81,True,False,medium,shoulder,False,36.77,False,11.08,0,True,3.13,4.515,0.0207,0.5433,0.4622
F000140,NH,ANA,star,NH4220;NH6246,MEL,Melbourne,AKL,Auckland,2025-10-01 00:55:00+00:00,2025-10-03 01:05:00+00:00,2890,1,CDG,164,Business,735.17,USD,3,B737-800,84,True,True,medium,shoulder,False,48.17,False,15.26,0,True,2.73,4.165,0.0391,0.7167,0.4247
F000141,KE,Korean Air,skyteam,KE1045,BOM,Mumbai,PVG,Shanghai,2026-06-18 09:50:00+00:00,2026-06-18 16:49:00+00:00,419,0,,0,Economy,657.11,USD,6,A330-300,84,True,False,high,summer_peak,False,6.98,True,94.14,9,False,0.0,0.8,0.0347,0.0905,0.0643
F000142,JL,Japan Airlines,oneworld,JL7277,BOM,Mumbai,PVG,Shanghai,2026-06-18 10:20:00+00:00,2026-06-18 17:19:00+00:00,419,0,,0,Economy,788.04,USD,2,B767-300,88,False,False,high,summer_peak,False,6.98,True,112.9,10,False,0.0,0.6,0.0421,0.0905,0.0428
F000143,EK,Emirates,none,EK5872;EK4009,BOM,Mumbai,PVG,Shanghai,2026-06-18 09:50:00+00:00,2026-06-19 01:32:00+00:00,942,1,NRT,220,Economy,637.0,USD,5,E190,82,True,False,high,summer_peak,False,15.7,False,40.57,9,False,3.67,4.735,0.0336,0.223,0.4858
F000144,KE,Korean Air,skyteam,KE1866;KE9812,BOM,Mumbai,PVG,Shanghai,2026-06-18 11:50:00+00:00,2026-06-19 08:15:00+00:00,1225,1,IST,182,Economy,613.13,USD,6,B787-9,74,False,False,high,summer_peak,False,20.42,False,30.03,11,False,3.03,4.815,0.0322,0.2947,0.4944
F000145,TK,Turkish Airlines,star,TK9174;TK5509,BOM,Mumbai,PVG,Shanghai,2026-06-18 10:50:00+00:00,2026-06-19 21:16:00+00:00,2066,1,JFK,157,Economy,559.86,USD,5,B787-9,78,True,True,high,summer_peak,False,34.43,False,16.26,10,False,2.62,4.41,0.0292,0.5079,0.451
F000146,AF,Air France,skyteam,AF9667;AF2397,BOM,Mumbai,PVG,Shanghai,2026-06-18 09:50:00+00:00,2026-06-19 09:41:00+00:00,1431,1,FRA,195,Economy,580.05,USD,5,A320neo,80,False,True,high,summer_peak,False,23.85,False,24.32,9,False,3.25,4.625,0.0304,0.3469,0.474
F000147,KL,KLM,skyteam,KL953,PEK,Beijing,ICN,Seoul,2026-06-15 23:40:00+00:00,2026-06-16 01:27:00+00:00,107,0,,0,Economy,179.66,USD,3,B767-300,82,False,False,high,summer_peak,False,1.78,True,100.93,23,False,0.0,0.9,0.0079,0.0114,0.075
F000148,AI,Air India,star,AI6092,PEK,Beijing,ICN,Seoul,2026-06-16 00:40:00+00:00,2026-06-16 02:27:00+00:00,107,0,,0,Economy,169.32,USD,4,A350-900,82,True,False,high,summer_peak,False,1.78,True,95.12,0,True,0.0,0.9,0.0073,0.0114,0.075
F000149,UA,United Airlines,star,UA9800;UA7548;UA6751,PEK,Beijing,ICN,Seoul,2026-06-16 00:40:00+00:00,2026-06-17 19:47:00+00:00,2587,2,LAX;IST,296,Economy,110.1,USD,7,B787-9,71,True,True,high,summer_peak,False,43.12,False,2.55,0,True,4.93,7.915,0.004,0.6399,0.8265
F000150,KL,KLM,skyteam,KL3557;KL8856,PEK,Beijing,ICN,Seoul,2026-06-15 23:10:00+00:00,2026-06-16 08:36:00+00:00,566,1,HKG,182,Economy,130.22,USD,3,A330-300,78,False,False,high,summer_peak,False,9.43,False,13.81,23,False,3.03,4.615,0.0051,0.1277,0.473
F000151,UA,United Airlines,star,UA784;UA2723,PEK,Beijing,ICN,Seoul,2026-06-15 22:40:00+00:00,2026-06-16 05:48:00+00:00,428,1,NRT,94,Business,407.05,USD,5,A380-800,76,True,True,high,summer_peak,False,7.13,False,57.09,22,False,1.57,3.985,0.0206,0.0928,0.4055
F000152,BA,British Airways,oneworld,BA1973,LAX,Los Angeles,CPT,Cape Town,2025-06-07 09:20:00+00:00,2025-06-08 06:06:00+00:00,1246,0,,0,Economy,2191.88,USD,2,B737-800,86,True,False,high,summer_peak,False,20.77,True,105.53,9,False,0.0,0.7,0.121,0.3001,0.0536
F000153,AA,American Airlines,oneworld,AA1294,LAX,Los Angeles,CPT,Cape Town,2025-06-07 10:50:00+00:00,2025-06-08 07:36:00+00:00,1246,0,,0,Business,8694.94,USD,4,B787-9,88,True,True,high,summer_peak,False,20.77,True,418.63,10,False,0.0,0.6,0.4864,0.3001,0.0428
F000154,QR,Qatar Airways,oneworld,QR1623,LAX,Los Angeles,CPT,Cape Town,2025-06-07 09:50:00+00:00,2025-06-08 06:36:00+00:00,1246,0,,0,Economy,2203.87,USD,3,B787-9,91,True,False,high,summer_peak,False,20.77,True,106.11,9,False,0.0,0.45,0.1216,0.3001,0.0268
F000155,NH,ANA,star,NH5015;NH920,LAX,Los Angeles,CPT,Cape Town,2025-06-07 08:50:00+00:00,2025-06-08 16:26:00+00:00,1896,1,HKG,55,Economy,1779.84,USD,3,B737-800,80,True,False,high,summer_peak,False,31.6,False,56.32,8,False,0.92,3.46,0.0978,0.4648,0.3492
F000156,AI,Air India,star,AI688;AI652,LAX,Los Angeles,CPT,Cape Town,2025-06-07 09:50:00+00:00,2025-06-08 12:03:00+00:00,1573,1,AMS,96,Economy,1521.35,USD,2,B767-300,81,False,False,high,summer_peak,False,26.22,False,58.02,9,False,1.6,3.75,0.0833,0.3829,0.3803
F000157,DL,Delta,skyteam,DL5070;DL2541,LAX,Los Angeles,CPT,Cape Town,2025-06-07 10:50:00+00:00,2025-06-08 13:33:00+00:00,1603,1,CDG,139,Economy,1452.42,USD,4,A321neo,81,True,True,high,summer_peak,False,26.72,False,54.36,10,False,2.32,4.11,0.0794,0.3905,0.4189
F000158,TG,Thai Airways,star,TG8101,CDG,Paris,KUL,Kuala Lumpur,2025-10-04 13:05:00+00:00,2025-10-05 02:48:00+00:00,823,0,,0,Economy,942.06,USD,9,E190,84,True,False,medium,shoulder,False,13.72,True,68.66,13,False,0.0,0.8,0.0507,0.1929,0.0643
F000159,AF,Air France,skyteam,AF4428,CDG,Paris,KUL,Kuala Lumpur,2025-10-04 13:05:00+00:00,2025-10-05 02:48:00+00:00,823,0,,0,Economy,1133.57,USD,3,B777-300ER,86,True,False,medium,shoulder,False,13.72,True,82.62,13,False,0.0,0.7,0.0615,0.1929,0.0536
F000160,KL,KLM,skyteam,KL775;KL3620,CDG,Paris,KUL,Kuala Lumpur,2025-10-04 13:35:00+00:00,2025-10-05 07:39:00+00:00,1084,1,AMS,208,Economy,760.01,USD,7,A330-300,79,False,False,medium,shoulder,False,18.07,False,42.06,13,False,3.47,4.785,0.0405,0.259,0.4912
F000161,NH,ANA,star,NH5741;NH2399,CDG,Paris,KUL,Kuala Lumpur,2025-10-04 15:05:00+00:00,2025-10-05 09:11:00+00:00,1086,1,LHR,185,Business,3220.26,USD,4,A350-900,84,True,True,medium,shoulder,False,18.1,False,177.91,15,False,3.08,4.34,0.1788,0.2595,0.4435
F000162,AI,Air India,star,AI6839;AI1613;AI5821,CDG,Paris,KUL,Kuala Lumpur,2025-10-04 13:05:00+00:00,2025-10-06 07:22:00+00:00,2537,2,SFO;AMS,320,Economy,539.03,USD,7,A330-300,77,False,False,medium,shoulder,False,42.28,False,12.75,13,False,5.33,7.815,0.0281,0.6272,0.8157
F000163,JL,Japan Airlines,oneworld,JL8171,AMS,Amsterdam,FRA,Frankfurt,2025-09-23 17:50:00+00:00,2025-09-23 18:57:00+00:00,67,0,,0,Premium Economy,129.34,USD,7,A320neo,91,True,False,medium,shoulder,False,1.12,True,115.48,17,False,0.0,0.45,0.005,0.0013,0.0268
F000164,UA,United Airlines,star,UA6309,AMS,Amsterdam,FRA,Frankfurt,2025-09-23 20:20:00+00:00,2025-09-23 21:27:00+00:00,67,0,,0,Business,172.85,USD,6,A321neo,89,True,True,medium,shoulder,False,1.12,True,154.33,20,False,0.0,0.55,0.0075,0.0013,0.0375
F000165,AA,American Airlines,oneworld,AA9846,AMS,Amsterdam,FRA,Frankfurt,2025-09-23 18:20:00+00:00,2025-09-23 19:27:00+00:00,67,0,,0,Economy,87.68,USD,9,B777-300ER,89,False,True,medium,shoulder,False,1.12,True,78.29,18,False,0.0,0.55,0.0027,0.0013,0.0375
F000166,KL,KLM,skyteam,KL7733;KL633;KL4886,AMS,Amsterdam,FRA,Frankfurt,2025-09-23 19:20:00+00:00,2025-09-25 15:18:00+00:00,2638,2,HKG;SFO,303,Premium Economy,66.0,USD,5,A321neo,78,True,False,medium,shoulder,False,43.97,False,1.5,19,False,5.05,7.625,0.0015,0.6528,0.7954
F000167,AI,Air India,star,AI2842;AI3773;AI5859,AMS,Amsterdam,FRA,Frankfurt,2025-09-23 18:20:00+00:00,2025-09-25 04:30:00+00:00,2050,2,SIN;HKG,264,Economy,53.25,USD,9,E190,77,False,False,medium,shoulder,False,34.17,False,1.56,18,False,4.4,7.35,0.0008,0.5038,0.7659
F000168,CX,Cathay Pacific,oneworld,CX5872;CX1753;CX9155,AMS,Amsterdam,FRA,Frankfurt,2025-09-23 18:50:00+00:00,2025-09-25 00:17:00+00:00,1767,2,LHR;SFO,288,Economy,60.56,USD,8,B767-300,80,False,True,medium,shoulder,False,29.45,False,2.06,18,False,4.8,7.4,0.0012,0.4321,0.7713
F000169,BA,British Airways,oneworld,BA8261;BA8182,AMS,Amsterdam,FRA,Frankfurt,2025-09-23 20:20:00+00:00,2025-09-24 13:18:00+00:00,1018,1,DXB,188,Economy,67.33,USD,5,A320neo,78,True,False,medium,shoulder,False,16.97,False,3.97,20,False,3.13,4.665,0.0016,0.2423,0.4783
F000170,QF,Qantas,oneworld,QF2752;QF9523,DPS,Bali,BCN,Barcelona,2026-04-04 11:10:00+00:00,2026-04-05 09:05:00+00:00,1315,1,AMS,231,Economy,1162.82,USD,6,A320neo,87,False,False,medium,shoulder,False,21.92,False,53.05,11,False,3.85,4.575,0.0631,0.3175,0.4687
F000171,TG,Thai Airways,star,TG3333;TG5357;TG7281,DPS,Bali,BCN,Barcelona,2026-04-04 09:40:00+00:00,2026-04-06 07:14:00+00:00,2734,2,DOH;SFO,334,Economy,758.93,USD,6,A321neo,79,False,False,medium,shoulder,False,45.57,False,16.65,9,False,5.57,7.835,0.0404,0.6771,0.8179
F000172,JL,Japan Airlines,oneworld,JL9254;JL6845,DPS,Bali,BCN,Barcelona,2026-04-04 10:10:00+00:00,2026-04-05 18:21:00+00:00,1931,1,SFO,126,Premium Economy,2099.11,USD,9,A321neo,89,True,False,medium,shoulder,False,32.18,False,65.23,10,False,2.1,3.6,0.1157,0.4736,0.3642
F000173,KL,KLM,skyteam,KL2818,PVG,Shanghai,FCO,Rome,2026-06-27 20:20:00+00:00,2026-06-28 08:27:00+00:00,727,0,,0,Economy,1177.32,USD,7,A330-300,84,False,False,high,summer_peak,False,12.12,True,97.14,20,False,0.0,0.8,0.0639,0.1685,0.0643
F000174,TK,Turkish Airlines,star,TK6563,PVG,Shanghai,FCO,Rome,2026-06-27 20:20:00+00:00,2026-06-28 08:27:00+00:00,727,0,,0,Premium Economy,2185.98,USD,7,B737-800,86,True,False,high,summer_peak,False,12.12,True,180.36,20,False,0.0,0.7,0.1206,0.1685,0.0536
F000175,TK,Turkish Airlines,star,TK3143,PVG,Shanghai,FCO,Rome,2026-06-27 19:50:00+00:00,2026-06-28 07:57:00+00:00,727,0,,0,Business,4843.55,USD,7,A330-300,85,True,True,high,summer_peak,False,12.12,True,399.63,19,False,0.0,0.75,0.27,0.1685,0.0589
F000176,AF,Air France,skyteam,AF4830,PVG,Shanghai,FCO,Rome,2026-06-27 18:20:00+00:00,2026-06-28 06:27:00+00:00,727,0,,0,Economy,1375.39,USD,3,A350-900,86,True,True,high,summer_peak,False,12.12,True,113.48,18,False,0.0,0.7,0.0751,0.1685,0.0536
F000177,AI,Air India,star,AI8301;AI2147,PVG,Shanghai,FCO,Rome,2026-06-27 19:50:00+00:00,2026-06-29 02:42:00+00:00,1852,1,LAX,226,Economy,941.04,USD,4,A320neo,77,False,False,high,summer_peak,False,30.87,False,30.48,19,False,3.77,5.035,0.0507,0.4536,0.5179
F000178,UA,United Airlines,star,UA5993;UA482;UA8574,PVG,Shanghai,FCO,Rome,2026-06-27 20:20:00+00:00,2026-06-29 01:26:00+00:00,1746,2,AMS;DXB,246,Business,2556.87,USD,2,A321neo,69,True,True,high,summer_peak,False,29.1,False,87.86,20,False,4.1,7.6,0.1415,0.4268,0.7927
F000179,AI,Air India,star,AI9413,HKG,Hong Kong,SFO,San Francisco,2025-01-04 12:40:00+00:00,2025-01-05 03:14:00+00:00,874,0,,0,Economy,1044.74,USD,5,A350-900,92,False,False,low,winter_low,False,14.57,True,71.7,12,False,0.0,0.4,0.0565,0.2058,0.0214
F000180,QR,Qatar Airways,oneworld,QR599,HKG,Hong Kong,SFO,San Francisco,2025-01-04 12:40:00+00:00,2025-01-05 03:14:00+00:00,874,0,,0,Economy,1264.43,USD,5,A330-300,96,True,False,low,winter_low,False,14.57,True,86.78,12,False,0.0,0.2,0.0688,0.2058,0.0
F000181,DL,Delta,skyteam,DL1269;DL7929;DL9530,HKG,Hong Kong,SFO,San Francisco,2025-01-04 13:10:00+00:00,2025-01-06 14:05:00+00:00,2935,2,FRA;SIN,341,Economy,629.17,USD,5,B777-300ER,76,True,False,low,winter_low,False,48.92,False,12.86,13,False,5.68,8.04,0.0331,0.7281,0.8399
F000182,KL,KLM,skyteam,KL3323;KL4451,HKG,Hong Kong,SFO,San Francisco,2025-01-04 13:40:00+00:00,2025-01-05 17:18:00+00:00,1658,1,CDG,187,Economy,681.26,USD,5,B767-300,81,False,False,low,winter_low,False,27.63,False,24.66,13,False,3.12,4.51,0.0361,0.4045,0.4617
F000183,AI,Air India,star,AI6061,MAA,Chennai,LHR,London,2025-01-17 04:45:00+00:00,2025-01-17 15:42:00+00:00,657,0,,0,Economy,637.24,USD,7,B787-9,86,False,False,low,winter_low,False,10.95,True,58.2,4,True,0.0,0.7,0.0336,0.1508,0.0536
F000184,AF,Air France,skyteam,AF1883,MAA,Chennai,LHR,London,2025-01-17 06:15:00+00:00,2025-01-17 17:12:00+00:00,657,0,,0,Premium Economy,1383.59,USD,8,E190,86,True,False,low,winter_low,False,10.95,True,126.36,6,False,0.0,0.7,0.0755,0.1508,0.0536
F000185,AI,Air India,star,AI447,MAA,Chennai,LHR,London,2025-01-17 05:15:00+00:00,2025-01-17 16:12:00+00:00,657,0,,0,Business,2260.07,USD,5,A380-800,88,True,True,low,winter_low,False,10.95,True,206.4,5,True,0.0,0.6,0.1248,0.1508,0.0428
F000186,TK,Turkish Airlines,star,TK6393,MAA,Chennai,LHR,London,2025-01-17 06:15:00+00:00,2025-01-17 17:12:00+00:00,657,0,,0,Economy,874.96,USD,5,B777-300ER,90,True,True,low,winter_low,False,10.95,True,79.91,6,False,0.0,0.5,0.0469,0.1508,0.0321
F000187,LH,Lufthansa,star,LH7665;LH8038,MAA,Chennai,LHR,London,2025-01-17 04:15:00+00:00,2025-01-18 01:07:00+00:00,1252,1,SIN,137,First,3184.09,USD,9,A350-900,86,True,True,low,winter_low,False,20.87,False,152.57,4,True,2.28,3.84,0.1767,0.3016,0.3899
F000188,CX,Cathay Pacific,oneworld,CX7811;CX2868,MAA,Chennai,LHR,London,2025-01-17 04:15:00+00:00,2025-01-17 17:19:00+00:00,784,1,DXB,72,Economy,660.86,USD,7,A350-900,82,False,False,low,winter_low,False,13.07,False,50.56,4,True,1.2,3.5,0.0349,0.183,0.3535
F000189,TK,Turkish Airlines,star,TK4075;TK1636,MAA,Chennai,LHR,London,2025-01-17 05:15:00+00:00,2025-01-18 03:54:00+00:00,1359,1,ICN,217,Economy,613.87,USD,5,A320neo,78,True,True,low,winter_low,False,22.65,False,27.1,5,True,3.62,4.91,0.0323,0.3287,0.5046
F000190,DL,Delta,skyteam,DL8768;DL2767,MAA,Chennai,LHR,London,2025-01-17 04:15:00+00:00,2025-01-18 09:16:00+00:00,1741,1,JFK,236,Premium Economy,966.83,USD,8,B767-300,80,True,False,low,winter_low,False,29.02,False,33.32,4,True,3.93,4.965,0.0521,0.4255,0.5104
F000191,SQ,Singapore Airlines,star,SQ1571;SQ6122;SQ4589,AKL,Auckland,BCN,Barcelona,2025-01-03 07:00:00+00:00,2025-01-05 02:48:00+00:00,2628,2,DOH;HKG,193,Premium Economy,4800.09,USD,3,A380-800,69,True,False,peak,year_end_holidays,True,43.8,False,109.59,7,False,3.22,7.16,0.2675,0.6503,0.7456
F000192,AI,Air India,star,AI1407;AI453;AI1065,AKL,Auckland,BCN,Barcelona,2025-01-03 05:00:00+00:00,2025-01-05 12:51:00+00:00,3351,2,CDG;NRT,330,Economy,2088.98,USD,1,A330-300,67,False,False,peak,year_end_holidays,True,55.85,False,37.4,5,True,5.5,8.4,0.1152,0.8335,0.8784
F000193,AA,American Airlines,oneworld,AA7854;AA5440,AKL,Auckland,BCN,Barcelona,2025-01-03 05:00:00+00:00,2025-01-04 09:06:00+00:00,1686,1,JFK,79,Economy,2270.94,USD,3,A350-900,72,True,False,peak,year_end_holidays,True,28.1,False,80.82,5,True,1.32,4.06,0.1254,0.4116,0.4135
F000194,QF,Qantas,oneworld,QF1152;QF8902;QF2096,AKL,Auckland,BCN,Barcelona,2025-01-03 05:30:00+00:00,2025-01-04 19:55:00+00:00,2305,2,ICN;SIN,298,Economy,2429.06,USD,4,A330-300,73,True,True,peak,year_end_holidays,True,38.42,False,63.22,5,True,4.97,7.835,0.1343,0.5684,0.8179
F000195,EK,Emirates,none,EK1603,HKG,Hong Kong,DEL,Delhi,2026-02-22 21:40:00+00:00,2026-02-23 03:00:00+00:00,320,0,,0,Economy,409.97,USD,9,A350-900,88,False,False,low,winter_low,False,5.33,True,76.92,21,False,0.0,0.6,0.0208,0.0654,0.0428
F000196,AF,Air France,skyteam,AF1237,HKG,Hong Kong,DEL,Delhi,2026-02-22 23:10:00+00:00,2026-02-23 04:30:00+00:00,320,0,,0,Economy,394.05,USD,8,A321neo,86,False,False,low,winter_low,False,5.33,True,73.93,23,False,0.0,0.7,0.0199,0.0654,0.0536
F000197,CX,Cathay Pacific,oneworld,CX7473;CX3014;CX1739,HKG,Hong Kong,DEL,Delhi,2026-02-22 21:40:00+00:00,2026-02-24 14:00:00+00:00,2420,2,JFK;FRA,405,First,1519.33,USD,6,A380-800,80,True,True,low,winter_low,False,40.33,False,37.67,21,False,6.75,8.375,0.0832,0.5976,0.8757
F000198,DL,Delta,skyteam,DL5597;DL4649,HKG,Hong Kong,DEL,Delhi,2026-02-22 22:40:00+00:00,2026-02-23 17:04:00+00:00,1104,1,IST,82,Economy,306.45,USD,8,A320neo,83,False,True,low,winter_low,False,18.4,False,16.65,22,False,1.37,3.535,0.015,0.2641,0.3573
F000199,KL,KLM,skyteam,KL9432;KL9662,HKG,Hong Kong,DEL,Delhi,2026-02-22 21:40:00+00:00,2026-02-23 20:38:00+00:00,1378,1,FRA,153,Premium Economy,475.6,USD,5,A320neo,79,True,True,low,winter_low,False,22.97,False,20.71,21,False,2.55,4.325,0.0245,0.3335,0.4419
F000200,AF,Air France,skyteam,AF6085,JFK,New York,MAA,Chennai,2025-05-14 21:25:00+00:00,2025-05-15 14:55:00+00:00,1050,0,,0,Economy,1493.23,USD,4,B787-9,90,True,True,medium,shoulder,False,17.5,True,85.33,21,False,0.0,0.5,0.0817,0.2504,0.0321
